gcn_name,slope,dropout,auc,auc,auc,auc,auc,auc,auc,auc,auc,auc,count,mean,std,min,25%,50%,75%,max
GCN_E2_decline_leaky_slope,0.1,0.6,0.7955635491606714,0.6744604316546763,0.7220588235294118,0.8017967434025829,0.7392857142857143,0.8360471645143179,0.7751865671641791,0.8255597014925373,0.5742857142857143,0.7378571428571429,10.0,0.7482101552346949,0.07895099830689735,0.5742857142857143,0.7260084033613445,0.7572361407249467,0.800238444842105,0.8360471645143179
